<?xml version="1.0" encoding="UTF-8" standalone="yes"?>
<addon id="plugin.video.iplayerwww" name="iPlayer WWW" version="3.0.50" provider-name="CaptainT, Cas, ihurst, primaeval">
  <requires>
    <import addon="xbmc.python" version="2.25.0"/>
    <import addon="script.module.requests" version="2.7.0"/>
  </requires>
  <extension point="xbmc.python.pluginsource" library="default.py">
        <provides>audio video</provides>
  </extension>
  <extension point="xbmc.addon.metadata">
    <summary lang="en">TV and Radio from BBC iPlayer</summary>
    <description lang="en">This add-on enables playing of Live and Catchup TV (UK only) and Radio content (UK or international) from the BBC iPlayer website. It is not created, maintained or in any way affiliated with the BBC. The add-on only provides an interface to access the BBC iPlayer website from Kodi.</description>
    <platform>all</platform>
    <license>GNU GENERAL PUBLIC LICENSE. Version 2, June 1991</license>
    <forum>https://forum.kodi.tv/showthread.php?tid=353349</forum>
    <source>https://github.com/vonH/plugin.video.iplayerwww</source>
    <disclaimer lang="en">This add-on is a front end to the BBC iPlayer website. It is not an official BBC product. A UK TV Licence is required to watch the live, catch-up, or on-demand TV content.</disclaimer>
    <assets>
        <icon>resources/icon.png</icon>
        <fanart>resources/fanart.jpg</fanart>
    </assets>
    <news>
v3.0.50
Switched to PC mediaselector.
COMPATIBILITY NOTE: As a result there are no more HD streams over HLS.
In order to get HD streams, inputstream.adaptive is required.
Set "Stream protocol" in the add-on settings to "DASH" to get HD streams after making sure inputstream.adaptive is available.
New mediaselector also adds the following new features:
- Access to new CDN Cloudfront (Amazon)
- Access to new subtitle sources. If you experience issues with subtitles, first try the new "Subtitle source" setting in the add-on settings before reporting issues.

Radio Categories now uses the Categories of BBC Sounds.

Known issues:
- Live TV and Radio over DASH is broken, most likely due to a bug in inputstream.adaptive.
- Red Button is only available for HLS.
   </news>
  </extension>
</addon>
