<?xml version="1.0" encoding="UTF-8" standalone="yes"?>
<addon id="plugin.video.diy"
       name="DIY Network"
       version="3.0.12"
       provider-name="t1m">
  <requires>
    <import addon="xbmc.python" version="2.20.0"/>
    <import addon="script.module.t1mlib" version="1.0.18"/>
  </requires>
  <extension point="xbmc.python.pluginsource"
            library="default.py">
        <provides>video</provides>
  </extension>
  <extension point="xbmc.addon.metadata">
    <summary lang="en">DIY Network</summary>
    <description lang="en_GB">From remodeling to gardening to crafts DIYNetwork.com provides resources and knowledge through step-by-step photos and videos</description>
    <disclaimer lang="en_GB">Feel free to use this script. For information visit the wiki.</disclaimer>
    <platform>all</platform>
    <language>en</language>
    <license>GPL-2.0-or-later</license>
    <forum>http://forum.kodi.tv/showthread.php?tid=222451</forum>
    <website>http://www.diynetwork.com/</website>
    <source>https://github.com/learningit/repo-plugins/</source>
  </extension>
</addon>
