<?xml version="1.0" encoding="UTF-8" standalone="yes"?>
<addon id="plugin.video.hgtv"
       name="HGTV"
       version="3.0.13"
       provider-name="t1m">
  <requires>
    <import addon="xbmc.python" version="2.20.0"/>
    <import addon="script.module.t1mlib" version="1.0.18"/>
  </requires>
  <extension point="xbmc.python.pluginsource"
            library="default.py">
        <provides>video</provides>
  </extension>
  <extension point="xbmc.addon.metadata">
    <summary lang="en">HGTV Video Addon</summary>
    <description lang="en">Play videos from the HGTV Network</description>
    <disclaimer lang="en">Feel free to use this script. For information visit the wiki.</disclaimer>
    <platform>all</platform>
    <language>en</language>
    <license>GNU GENERAL PUBLIC LICENSE. Version 2, June 1991</license>
    <forum>http://forum.xbmc.org/showthread.php?tid=97018</forum>
    <website>www.hgtv.com</website>
    <email></email>
    <source>https://github.com/learningit/repo-plugins/</source>
  </extension>
</addon>
