<?xml version="1.0" encoding="UTF-8"?>
<addon
	id="plugin.video.ign_com"
	name="IGN.com"
	version="2.3.11"
	provider-name="Skipmode A1">
    <requires>
        <import addon="xbmc.python"                     version="2.19.0"/>
        <import addon="script.module.future"            version="0.0.1"/>
        <import addon="script.module.requests"          version="2.4.3"/>
    </requires>
    <extension point="xbmc.python.pluginsource" library="default.py">
        <provides>video</provides>
    </extension>
    <extension point="xbmc.addon.metadata">
        <summary lang="en_GB">Game and Movie trailers/reviews/news</summary>
            <description lang="en_GB">Game and Movie trailers/reviews/news</description>
            <disclaimer lang="en_GB">For bugs, requests or general questions visit the IGN_COM thread on the Kodi forum.</disclaimer>
        <language>en</language>
        <platform>all</platform>
        <license>GNU GENERAL PUBLIC LICENSE. Version 2, June 1991</license>
        <forum>https://forum.kodi.tv/showthread.php?tid=327964</forum>
        <website>https://www.ign.com</website>
        <source>https://github.com/skipmodea1/plugin.video.ign_com</source>
        <email></email>
        <platform>all</platform>
        <news>2.3.11 (2019-09-14)
		- marked the addon broken due to encoded api changes on the website :(
        </news>
		<broken>Add-on is not functiong correctly</broken>
    </extension>
</addon>