<?xml version="1.0" encoding="UTF-8" standalone="yes"?>
<addon id="plugin.video.tbdtv"
       name="TBD TV Live"
       version="3.0.2"
       provider-name="t1m">
  <requires>
    <import addon="xbmc.python" version="2.25.0"/>
    <import addon="script.module.t1mlib" version="1.0.18"/>
  </requires>
  <extension point="xbmc.python.pluginsource"
            library="default.py">
        <provides>video</provides>
  </extension>
  <extension point="xbmc.addon.metadata">
    <summary lang="en_GB">TBD TV Live</summary>
    <description lang="en_GB">Everything from culinary capers, jaw-dropping action, hilarious pranks and comedy, music, fitness, gaming, or just random awesomeness that you never knew you needed in your life. </description>
    <disclaimer lang="en_GB">Feel free to use this script. For information visit the wiki.</disclaimer>
    <platform>all</platform>
    <language>en</language>
    <license>GNU GENERAL PUBLIC LICENSE. Version 2, June 1991</license>
    <forum>http://forum.kodi.tv/showthread.php?tid=308962</forum>
    <website>www.tbd.com</website>
    <email></email>
    <source>https://github.com/learningit/plugin.video.tbdtv</source>
  </extension>
</addon>
