<?xml version="1.0" encoding="UTF-8" standalone="yes"?>
<addon id="plugin.video.sundance"
       name="Sundance TV"
       version="3.0.1"
       provider-name="t1m">
  <requires>
    <import addon="xbmc.python" version="2.20.0"/>
    <import addon="script.module.t1mlib" version="1.0.14"/>
  </requires>
  <extension point="xbmc.python.pluginsource"
            library="default.py">
        <provides>video</provides>
  </extension>
  <extension point="xbmc.addon.metadata">
    <summary lang="en">Sundance TV</summary>
    <description lang="en">Find the best in independent film, original series, blogs and original web content focusing on indie culture.</description>
    <disclaimer lang="en">Feel free to use this script. For information visit the wiki.</disclaimer>
    <platform>all</platform>
    <language>en</language>
    <license>GNU GENERAL PUBLIC LICENSE. Version 2, June 1991</license>
    <forum>http://forum.kodi.tv/showthread.php?tid=224743</forum>
    <website>http://www.sundance.tv/</website>
    <email></email>
    <source>https://github.com/learningit/plugin.video.sundance/</source>
  </extension>
</addon>
