<addon id="plugin.video.s04tv" name="S04tv" provider-name="malte" version="3.1.8">
    <requires>
        <import addon="xbmc.python" version="2.14.0" />
        <import addon="script.module.mechanize" version="0.2.6" />
        <import addon="script.module.beautifulsoup" version="3.2.1" />
        <import addon="plugin.video.youtube" version="5.2.1" />
    </requires>
    <extension library="default.py" point="xbmc.python.pluginsource">
        <provides>video</provides>
    </extension>
    <extension point="xbmc.addon.metadata">
        <language>de</language>
        <platform>all</platform>
        <license>GNU GENERAL PUBLIC LICENSE. Version 2, June 1991</license>
        <forum>http://forum.kodi.tv/showthread.php?tid=109692</forum>
        <website>https://github.com/maloep/xbmc-s04tv</website>
        <source>https://github.com/maloep/xbmc-s04tv</source>
        <summary lang="de_DE">Videos von S04.tv ansehen</summary>
        <summary lang="en_GB">Watch videos from S04.tv</summary>
        <description lang="de_DE">Online Video Portal des FC Schalke 04. Alle Spiele in re-Live (15 Minuten nach Abfiff), News, Interviews, exklusive Berichte und Specials. Kostenlos für Schalke-Mitglieder, die re-Live Spiele setzen allerdings einen S04 TV Benutzer Account voraus (19,04 EUR/Jahr). Mehr Details auf https://schalke04.de/tv.</description>
        <description lang="en_GB">FC Schalke 04 online video portal. Watch all videos from S04tv.de including all matches in re-Live (15 minutes after the match has ended), news, interviews and specials. Free of charge for S04 members, re-live videos require an S04 TV user account (19,04 EUR/year). See https://schalke04.de/tv for details.</description>
    </extension>
</addon>