<?xml version="1.0" encoding="UTF-8" standalone="yes"?>
<addon id="plugin.video.beinsports.apac" name="beIN Sports Connect" provider-name="SlyGuy" version="0.3.3">
  <requires>
    <import addon="script.module.slyguy"/>
  </requires>
  <extension point="xbmc.python.pluginsource" library="default.py" provides="video">
    <provides>video</provides>
  </extension>
  <extension point="xbmc.addon.metadata">
    <description lang="en">Watch your favourite sports live &amp; on demand with beIN Sports Connect (APAC).

Subscription required.</description>
    <reuselanguageinvoker>true</reuselanguageinvoker>
    <license></license>
    <language></language>
    <website></website>
    <news>Add Bookmarks</news>
    <assets>
      <icon>icon.png</icon>
      <fanart>fanart.jpg</fanart>
    </assets>
  </extension>
</addon>