<?xml version="1.0" encoding="UTF-8" standalone="yes"?>
<addon id="plugin.video.liveleak"
    name="LiveLeak"
    version="1.4.2"
    provider-name="Botster">
    <requires>
        <import addon="xbmc.python" version="2.24.0"/>
        <import addon="script.module.requests" version="2.12.4"/>
        <import addon="script.module.beautifulsoup4" version="4.3.2"/>
    </requires>
    <extension point="xbmc.python.pluginsource" library="default.py">
        <provides>video</provides>
    </extension>
    <extension point="xbmc.addon.metadata">
        <summary lang="en_GB">Watch LiveLeak.com Videos</summary>
        <description lang="en_GB">Redefining The Media</description>
        <language>en</language>
        <platform>all</platform>
        <license>GPL-3.0-or-later</license>
        <source>https://github.com/botster/plugin.video.liveleak</source>
        <website>https://www.liveleak.com/</website>
        <news>v1.4.2 (2020-7-6) - Adapt to change in LL CDN media links</news>
    </extension>
</addon>
