<?xml version="1.0" encoding="UTF-8" standalone="yes"?>
<addon id="plugin.video.jellytelly" name="Minno Kids" provider-name="SlyGuy" version="0.1.6">
  <requires>
    <import addon="script.module.slyguy"/>
  </requires>
  <extension point="xbmc.python.pluginsource" library="default.py" provides="video">
    <provides>video</provides>
  </extension>
  <extension point="xbmc.addon.metadata">
    <description lang="en">Safe Christian shows, movies and devotionals that inspires your kids, makes them laugh, and encourages their own creativity.

Subscription required.</description>
    <reuselanguageinvoker>true</reuselanguageinvoker>
    <license></license>
    <language></language>
    <website></website>
    <news>Fix series</news>
    <assets>
      <icon>icon.png</icon>
      <fanart>fanart.jpg</fanart>
    </assets>
  </extension>
</addon>