<?xml version="1.0" encoding="UTF-8" standalone="yes"?>
<addon id="plugin.video.thinktv"
       name="PBS ThinkTV"
       version="3.0.16"
       provider-name="t1m">
  <requires>
    <import addon="xbmc.python" version="2.25.0"/>
    <import addon="script.module.t1mlib" version="1.0.18"/>
    <import addon="inputstream.adaptive" version="2.0.0"/>
  </requires>
  <extension point="xbmc.python.pluginsource"
            library="default.py">
        <provides>video</provides>
  </extension>
  <extension point="xbmc.addon.metadata">
    <summary lang="en_GB">PBS ThinkTV</summary>
    <description lang="en_GB">PBS ThinkTV</description>
    <disclaimer lang="en_GB">Feel free to use this script. For information visit the wiki.</disclaimer>
    <platform>all</platform>
    <language>en</language>
    <license>GNU GENERAL PUBLIC LICENSE. Version 2, June 1991</license>
    <forum>http://forum.kodi.tv/showthread.php?tid=216810</forum>
    <website>video.thinktv.org</website>
    <email></email>
    <source>https://github.com/learningit/repo-plugins</source>
  </extension>
</addon>
