<?xml version="1.0" encoding="UTF-8" standalone="yes"?>
<addon id="plugin.video.wnbc"
       name="WNBC Programs"
       version="3.0.18"
       provider-name="t1m">
  <requires>
    <import addon="xbmc.python" version="2.20.0"/>
    <import addon="script.module.t1mlib" version="1.0.18"/>
  </requires>
  <extension point="xbmc.python.pluginsource"
            library="default.py">
        <provides>video</provides>
  </extension>
  <extension point="xbmc.addon.metadata">
    <summary lang="en">WNBC Programs</summary>
    <description lang="en">WNBC Programs from the flagship NBC station in New York. Programs include: The Tonight Show, NBC News and NBC Classic TV.</description>
    <disclaimer lang="en">Feel free to use this script. For information visit the wiki.</disclaimer>
    <platform>all</platform>
    <language>en</language>
    <license>GNU GENERAL PUBLIC LICENSE. Version 2, June 1991</license>
    <forum>http://forum.kodi.tv/showthread.php?tid=234448</forum>
    <website>www.nbc.com</website>
    <source>https://github.com/learningit/repo-plugins/</source>
  </extension>
</addon>
