<?xml version="1.0" encoding="UTF-8" standalone="yes"?>
<addon id="plugin.video.zoneminder" name="ZoneMinder" version="2.0.2" provider-name="Peter Gallagher">
  <requires>
    <import addon="xbmc.python" version="2.25.0"/>
    <import addon="script.module.requests" version="2.3.0"/>
  </requires>
  <extension point="xbmc.python.pluginsource" library="zoneminder.py">
    <provides>video</provides>
  </extension>
  <extension point="xbmc.addon.metadata">
    <platform>all</platform>
    <summary lang="en_GB">View ZoneMinder video surveillance system</summary>
    <description lang="en_GB">View the live stream of cameras via the Zoneminder video surveillance system.</description>
    <license>GPL-3.0</license>
    <source>https://github.com/petegallagher/plugin.video.zoneminder</source>
    <assets>
        <icon>resources/icon.png</icon>
        <fanart>resources/fanart.jpg</fanart>
    </assets>
    </extension>
</addon>
