<?xml version="1.0" encoding="UTF-8" standalone="yes"?>
<addon id="plugin.program.newgrounds" name="Newgrounds" version="1.0.4" provider-name="New Age Soldier">
    <requires>
		<import addon="xbmc.python" version="2.14.0"/>
		<import addon="script.module.beautifulsoup" version="3.2.1"/> 
	</requires>
	<extension point="xbmc.python.pluginsource" library="addon.py">
		<provides>executable</provides>
	</extension>
	<extension point="xbmc.addon.metadata">
		<platform>all</platform>
		<summary lang="en">newgrounds</summary>
		<description lang="en">Plugin to newgrounds.com content</description>
		<license>GNU General Public License, v2</license>
		<language>English</language>
		<forum>http://newagesoldier.com/forums</forum>
		<source>https://github.com/erfg12/newgrounds-XML</source>
		<email>jake@newagesoldier.com</email>
	</extension>
</addon>
