<?xml version="1.0" encoding="UTF-8"?>
<addon id="plugin.video.ispot" version="1.1.2" name="iSpot TV Adverts" provider-name="Lunatixz">
    <requires>
        <import addon="xbmc.python" version="2.25.0"/>
        <import addon="script.module.requests" version="2.7.0"/>
        <import addon="script.module.simplecache" version="1.0.0"/>
    </requires>
    <extension point="xbmc.python.pluginsource" library="default.py">
        <provides>video</provides>
    </extension>
    <extension point="xbmc.addon.metadata">
        <summary lang="en_GB">iSpot.tv internet's most comprehensive database of nationally airing TV Commercials.</summary>
        <description lang="en_GB">Welcome to the Internet's most comprehensive database of nationally airing TV Commercials. Explore the actors, songs and offers in the spots you see on TV.</description>
        <platform>all</platform>
        <license>GNU GENERAL PUBLIC LICENSE. Version 3, June 2007</license>
        <source>https://github.com/Lunatixz/XBMC_Addons/tree/master/plugin.video.ispot</source>
        <website>http://www.ispot.tv/</website>
        <forum>http://forum.kodi.tv/showthread.php?tid=311057</forum>
        <news></news>
        <assets>
            <icon>icon.png</icon>
            <fanart>fanart.jpg</fanart>
        </assets>
    </extension>
</addon>