<?xml version="1.0" encoding="UTF-8" standalone="yes"?>
<addon id="plugin.audio.mixcloud"
       name="MixCloud"
       version="2.5.2"
       provider-name="jackyNIX">
  <requires>
    <import addon="xbmc.python" version="2.14.0"/>
    <import addon="script.module.simplejson" version="2.0.10"/>
  </requires>
  <extension point="xbmc.python.pluginsource" library="default.py">
     <provides>audio</provides>
  </extension>
  <extension point="xbmc.addon.metadata">
    <summary lang="en">KODI Plugin for MixCloud</summary>
    <summary lang="nl">KODI Plugin voor MixCloud</summary>
    <summary lang="fr">KODI Plugin pour MixCloud</summary>
    <summary lang="de">KODI Plugin für MixCloud</summary>
    <description lang="en">Mixcloud is re-thinking radio. Listen to great radio shows, Podcasts and DJ mix sets on-demand.</description>
    <description lang="nl">Mixcloud herdefinieerd radio. Luister naar uitstekende radioshows, podcasts en dj sets on demand.</description>
    <description lang="fr">Mixcloud redéfinit la radio. Écoutez les émissions radio, podcasts et mixes DJ sur demande.</description>
    <description lang="de">Mixcloud erfindet Radio neu. Höre Radioshows, Podcasts und DJ Mixe wann immer Du willst.</description>
    <platform>all</platform>
    <language></language>
    <license>GNU GENERAL PUBLIC LICENSE. Version 3, 29 June 2007</license>
    <forum>https://forum.kodi.tv/showthread.php?tid=116386</forum>
    <source>https://github.com/jackyNIX/xbmc-mixcloud-plugin</source>
  </extension>
</addon>                       
