<?xml version="1.0" encoding="UTF-8" standalone="yes"?>
<addon id="plugin.video.superview" name="SuperView" provider-name="SlyGuy" version="0.8.1">
  <requires>
    <import addon="script.module.slyguy"/>
  </requires>
  <extension point="xbmc.python.pluginsource" library="default.py" provides="video">
    <provides>video</provides>
  </extension>
  <extension point="xbmc.addon.metadata">
    <description lang="en">Watch all Australia Supercars Championship races Live and On Demand.

Subscription required.</description>
    <reuselanguageinvoker>true</reuselanguageinvoker>
    <license></license>
    <language></language>
    <website></website>
    <news>Better re-login process</news>
    <assets>
      <icon>icon.png</icon>
      <fanart>fanart.jpg</fanart>
    </assets>
  </extension>
</addon>