{
    "cbs_aac": {
        "label": "Cybernetic Broadcasting System - 128k AAC+",
        "file": "1aac",
        "tagline": "Nothing Beyond Our Reach",
        "plot": "Cybernetic Broadcasting System dominates our galaxy for over a decade. This is the main audio stream from Intergalactic FM. You can run all you want, but there is no escaping CBS.",
        "genre": "electro, acid, italo, disco"
    },
    "cbs_mp3": {
        "label": "Cybernetic Broadcasting System - 192k MP3",
        "file": "1",
        "tagline": "Nothing Beyond Our Reach",
        "plot": "Cybernetic Broadcasting System dominates our galaxy for over a decade. This is the main audio stream from Intergalactic FM. You can run all you want, but there is no escaping CBS.",
        "genre": "electro, acid, italo, disco"
    },
    "df_aac": {
        "label": "IFM Disco Fetish - 128k AAC+",
        "file": "2aac",
        "tagline": "No Station Such Dedication",
        "plot": "This stream is Intergalactic FM's audio channel called Disco Fetish. Here you will find the galaxy's best of Disco, Italo and Electro.",
        "genre": "disco, italo, electro"
    },
    "df_mp3": {
        "label": "IFM Disco Fetish - 192k MP3",
        "file": "2",
        "tagline": "No Station Such Dedication",
        "plot": "This stream is Intergalactic FM's audio channel called Disco Fetish. Here you will find the galaxy's best of Disco, Italo and Electro.",
        "genre": "disco, italo, electro"
    },
    "dm_aac": {
        "label": "IFM Dream Machine - 128k AAC+",
        "file": "3aac",
        "tagline": "You Are Not Alone",
        "plot": "This stream is Intergalactic FM's audio channel called Dream Machine for soundtracks, ambient and experimental music.",
        "genre": "soundtracks and exotica"
    },
    "dm_mp3": {
        "label": "IFM Dream Machine - 192k MP3",
        "file": "3",
        "tagline": "You Are Not Alone",
        "plot": "This stream is Intergalactic FM's audio channel called Dream Machine for soundtracks, ambient and experimental music.",
        "genre": "soundtracks and exotica"
    }
}
