<?xml version="1.0" encoding="UTF-8" standalone="yes"?>
<addon id="plugin.video.tvokids"
       name="TV Ontario Kids"
       version="3.0.4"
       provider-name="t1m">
  <requires>
    <import addon="xbmc.python" version="2.20.0"/>
    <import addon="script.module.t1mlib" version="1.0.18"/>
  </requires>
  <extension point="xbmc.python.pluginsource"
            library="default.py">
        <provides>video</provides>
  </extension>
  <extension point="xbmc.addon.metadata">
    <summary lang="en">TV Ontario Kids Videos</summary>
    <description lang="en">TVO is Ontario's public educational media organization and a trusted source of interactive educational content that informs, inspires, and stimulates curiosity.</description>
    <disclaimer lang="en">Feel free to use this script. For information visit the wiki.</disclaimer>
    <platform>all</platform>
    <language>en</language>
    <license>GNU GENERAL PUBLIC LICENSE. Version 2, June 1991</license>
    <forum>http://forum.kodi.tv/showthread.php?tid=233233</forum>
    <website>tvo.org</website>
    <source>https://github.com/learningit/Kodi-plugins-source/</source>
  </extension>
</addon>
