<?xml version="1.0" encoding="UTF-8" standalone="yes"?>
<addon id="plugin.video.wsj"
       name="The Wall Street Journal Live"
       version="3.0.1"
       provider-name="t1m">
  <requires>
    <import addon="xbmc.python" version="2.25.0"/>
    <import addon="script.module.t1mlib" version="1.0.18"/>
    <import addon="inputstream.adaptive" version="2.0.0"/>
  </requires>
  <extension point="xbmc.python.pluginsource"
            library="default.py">
        <provides>video</provides>
  </extension>
  <extension point="xbmc.addon.metadata">
    <summary lang="en_GB">The Wall Street Journal Live</summary>
    <description lang="en_GB">The Wall Street Journal Live Kodi Add-on</description>
    <disclaimer lang="en_GB">Feel free to use this script. For information visit the wiki.</disclaimer>
    <platform>all</platform>
    <language>en</language>
    <license>GNU GENERAL PUBLIC LICENSE. Version 2, June 1991</license>
    <forum>https://forum.kodi.tv/showthread.php?tid=172865</forum>
    <website>www.wsj.com</website>
    <source>https://github.com/learningit/plugin.video.wsj</source>
    <news>Version 3.0.1 Update for website change
    </news>
    <assets>
        <icon>resources/icon.png</icon>
        <fanart>resources/fanart.jpg</fanart>
    </assets>
  </extension>
</addon>
