<?xml version="1.0" encoding="UTF-8" standalone="yes"?>
<addon id="plugin.video.blanketfort" name="Blanket Fort" version="1.0.2" provider-name="BF Media">
  <requires>
    <import addon="xbmc.python" version="2.24.0"/>
	<import addon="script.module.beautifulsoup" version="3.0.8"/>

  </requires>
  <extension point="xbmc.python.pluginsource" library="default.py">
    <provides>video</provides>
  </extension>
  <extension point="xbmc.addon.metadata">
    <summary lang="en">Official Blanket Fort Add-On</summary>
    <description lang="en">Watch full episodes, bonus content and exclusive clips from BlanketFortLife.com</description>
    <disclaimer lang="en"></disclaimer>
    <language>en</language>
    <platform>all</platform>
    <license>GNU GENERAL PUBLIC LICENSE. Version 2, June 1991</license>
    <forum></forum>
    <website>http://blanketfortlife.com</website>
    <email></email>
    <source>https://github.com/BlanketFortMedia/plugin.video.blanketfort</source>
    <news></news>
    <assets>
        <icon>icon.png</icon>
        <fanart>fanart.jpg</fanart>
        <screenshot></screenshot>
    </assets>
  </extension>
</addon>