<?xml version="1.0" encoding="UTF-8" standalone="yes"?>
<addon id="plugin.video.science.friday" name="Science Friday" provider-name="willforde" version="3.0.2">
    <requires>
        <import addon="xbmc.python" version="2.25.0"/>
        <import addon="script.module.codequick" version="0.9.5"/>
        <import addon="script.module.youtube.dl" version="18.0.0"/>
    </requires>
    <extension point="xbmc.python.pluginsource" library="addon.py">
        <provides>video</provides>
    </extension>
    <extension point="xbmc.addon.metadata">
        <summary lang="en_GB">Science Friday is your trusted source for stories about science.</summary>
        <description lang="en_GB">Science Friday is your trusted source for news and entertaining stories about science. We started as a radio show, created in 1991 by host and executive producer Ira Flatow. Since then, weve grown into much more: We produce award-winning digital videos and publish original web content covering everything from octopus camouflage to cooking on Mars. SciFri is brain fun, for curious people.</description>
        <license>GNU GENERAL PUBLIC LICENSE. Version 2, June 1991</license>
        <source>https://github.com/willforde/plugin.video.science.friday</source>
        <forum>http://forum.kodi.tv/showthread.php?tid=200630</forum>
        <website>http://www.sciencefriday.com</website>
        <email>willforde+addon@gmail.com</email>
        <platform>all</platform>
        <language>en</language>
        <assets>
            <icon>resources/icon.png</icon>
            <fanart>resources/fanart.jpg</fanart>
            <screenshot>resources/screenshots/screenshot000.jpg</screenshot>
            <screenshot>resources/screenshots/screenshot001.jpg</screenshot>
            <screenshot>resources/screenshots/screenshot002.jpg</screenshot>
        </assets>
        <news>[upd] Add support for reuse of language invoker. [upd] Some small tweaks.</news>
        <reuselanguageinvoker>true</reuselanguageinvoker>
    </extension>
</addon>
