<?xml version="1.0" encoding="UTF-8" standalone="yes"?>
<addon id="plugin.video.corrieretv"
       name="Corriere TV"
       version="2.0.1"
       provider-name="Nightflyer">
  <requires>
    <import addon="xbmc.python" version="2.1.0"/>
    <import addon="script.module.beautifulsoup" version="3.0.8"/>
  </requires>
  <extension point="xbmc.python.pluginsource"
            library="default.py">
        <provides>video</provides>
  </extension>
  <extension point="xbmc.addon.metadata">
    <language>it</language>
    <platform>all</platform>
    <summary lang="it">Tutte le ultime notizie con Corriere.it</summary>
    <summary lang="en">Latest news by Italian news site Corriere.it</summary>
    <description lang="it">Guarda su Corriere TV gli ultimi video riguardanti l'attualità, la politica, l'economia, il gossip, il calcio e tanto altro.</description>
    <description lang="en">Watch on Corriere TV the latest videos about news, politics, economy, gossip, footboll and so on.</description>
    <license>GNU GENERAL PUBLIC LICENSE Version 3, 29 June 2007</license>
    <forum>http://forum.xbmc.org/showthread.php?tid=170117</forum>
    <website>https://github.com/nightflyer73/plugin.video.corrieretv</website>
    <email></email>
    <source>https://github.com/nightflyer73/plugin.video.corrieretv</source>
  </extension>
</addon>
